Startup Name,Industry Vertical,SubVertical,City Location,Investors Name,InvestmentnType,Amount in USD,Date,Year,Month
Ola,Transport,Cab Service,Bangalore,Sequoia Capital,Private Equity,50000000,01/01/2018,2018,January
Flipkart,E-commerce,Marketplace,Bangalore,Tiger Global,Private Equity,100000000,15/03/2018,2018,March
Zomato,Food Tech,Food Delivery,Delhi,Info Edge,Seed Funding,15000000,10/06/2017,2017,June
Paytm,FinTech,Payments,Noida,SoftBank,Private Equity,100000000,12/09/2019,2019,September
Byju's,EdTech,E-learning,Bangalore,General Atlantic,Private Equity,200000000,01/01/2020,2020,January
Swiggy,Food Tech,Food Ordering,Bangalore,Naspers,Private Equity,80000000,22/05/2020,2020,May
Oyo,Hospitality,Hotel Booking,Gurgaon,Lightspeed,Debt Funding,30000000,05/12/2018,2018,December
Razorpay,FinTech,Payments,Bangalore,Y Combinator,Seed Funding,12000000,18/07/2019,2019,July
